path	scope	baseline_catch_sites	baseline_throw_sites	baseline_log_sites
.mvn/wrapper/maven-wrapper.properties	config-sql-scripts-tests	0	0	0
frontend/scripts/complete-production-build.mjs	config-sql-scripts-tests	1	0	1
frontend/scripts/production-build.mjs	config-sql-scripts-tests	1	3	0
frontend/scripts/verify-production-build.mjs	config-sql-scripts-tests	0	0	1
frontend/src/App.jsx	frontend-main	0	0	0
frontend/src/activityPageLoader.js	frontend-main	2	2	0
frontend/src/activityRule.js	frontend-main	0	2	0
frontend/src/activityView.js	frontend-main	0	0	0
frontend/src/api/http.js	frontend-main	1	1	0
frontend/src/bingoView.js	frontend-main	0	0	0
frontend/src/community/CommunityContext.jsx	frontend-main	1	0	0
frontend/src/communityAccess.js	frontend-main	0	0	0
frontend/src/communityBoard.js	frontend-main	0	0	0
frontend/src/communityDeletion.js	frontend-main	0	0	0
frontend/src/communityNews.js	frontend-main	0	5	0
frontend/src/components/AppHeader.jsx	frontend-main	2	0	0
frontend/src/components/AppLink.jsx	frontend-main	0	0	0
frontend/src/components/Avatar.jsx	frontend-main	0	0	0
frontend/src/components/CommunityBackLink.jsx	frontend-main	0	0	0
frontend/src/components/CommunityNewsForm.jsx	frontend-main	1	0	0
frontend/src/components/CommunityNewsMeta.jsx	frontend-main	0	0	0
frontend/src/components/CommunityNewsSummary.jsx	frontend-main	1	0	0
frontend/src/components/CommunityRouteGuard.jsx	frontend-main	0	0	0
frontend/src/components/DashboardLayout.jsx	frontend-main	0	0	0
frontend/src/components/HelpLayout.jsx	frontend-main	0	0	0
frontend/src/components/HelpLink.jsx	frontend-main	0	0	0
frontend/src/components/Icon.jsx	frontend-main	0	0	0
frontend/src/components/IntegrationServiceCard.jsx	frontend-main	0	0	0
frontend/src/components/PolicyLayout.jsx	frontend-main	0	0	0
frontend/src/components/Sidebar.jsx	frontend-main	0	0	0
frontend/src/components/SiteFooter.jsx	frontend-main	0	0	0
frontend/src/components/TemporaryBingoRebuildPanel.jsx	frontend-main	2	0	0
frontend/src/developer/DeveloperLayout.jsx	frontend-main	1	0	0
frontend/src/developer/DeveloperPages.jsx	frontend-main	1	0	0
frontend/src/developer/MonitoringPage.jsx	frontend-main	2	0	0
frontend/src/feedbackForm.js	frontend-main	0	6	0
frontend/src/gameMenu.js	frontend-main	0	0	0
frontend/src/gameNicknameStatus.js	frontend-main	1	1	0
frontend/src/killCompetitionView.js	frontend-main	0	0	0
frontend/src/main.jsx	frontend-main	0	0	0
frontend/src/memberView.js	frontend-main	0	0	0
frontend/src/pages/AboutPage.jsx	frontend-main	0	0	0
frontend/src/pages/ActivityRuleSettingsPage.jsx	frontend-main	2	0	0
frontend/src/pages/BingoPage.jsx	frontend-main	13	0	0
frontend/src/pages/CommunitiesPage.jsx	frontend-main	3	1	0
frontend/src/pages/CommunityBoardPage.jsx	frontend-main	7	0	0
frontend/src/pages/CommunityDashboardPage.jsx	frontend-main	3	0	0
frontend/src/pages/CommunityNewsPage.jsx	frontend-main	3	0	0
frontend/src/pages/CommunityRoleSettingsPage.jsx	frontend-main	2	0	0
frontend/src/pages/CommunitySettingsPage.jsx	frontend-main	2	0	0
frontend/src/pages/DiscordConnectPage.jsx	frontend-main	5	0	0
frontend/src/pages/DiscordDmPage.jsx	frontend-main	3	0	0
frontend/src/pages/DiscordMemberRoleSettingsPage.jsx	frontend-main	2	0	0
frontend/src/pages/DiscordVoiceActivityPage.jsx	frontend-main	2	0	0
frontend/src/pages/FeedbackPage.jsx	frontend-main	2	0	0
frontend/src/pages/GameNicknameSettingsPage.jsx	frontend-main	3	0	0
frontend/src/pages/HelpPages.jsx	frontend-main	0	0	0
frontend/src/pages/IntegrationsPage.jsx	frontend-main	0	0	0
frontend/src/pages/KillCompetitionsPage.jsx	frontend-main	5	0	0
frontend/src/pages/LoginPage.jsx	frontend-main	1	1	0
frontend/src/pages/MemberActivitiesPage.jsx	frontend-main	3	0	0
frontend/src/pages/MemberActivityDetailPage.jsx	frontend-main	1	0	0
frontend/src/pages/MembersPage.jsx	frontend-main	7	0	0
frontend/src/pages/PrivacyPage.jsx	frontend-main	0	0	0
frontend/src/pages/RankingsPage.jsx	frontend-main	2	2	0
frontend/src/pages/TeamMakerPage.jsx	frontend-main	4	0	0
frontend/src/pages/TermsPage.jsx	frontend-main	0	0	0
frontend/src/rankingView.js	frontend-main	0	0	0
frontend/src/styles/global.css	frontend-main	0	0	0
frontend/src/styles/layout.css	frontend-main	0	0	0
frontend/src/styles/pages.css	frontend-main	0	0	0
frontend/src/voiceActivityView.js	frontend-main	1	0	0
frontend/test/activityPageLoader.test.js	config-sql-scripts-tests	0	1	0
frontend/test/activityRule.test.js	config-sql-scripts-tests	0	0	0
frontend/test/activitySyncView.test.js	config-sql-scripts-tests	0	0	0
frontend/test/activityView.test.js	config-sql-scripts-tests	0	0	0
frontend/test/bingoView.test.js	config-sql-scripts-tests	0	0	0
frontend/test/communityAccess.test.js	config-sql-scripts-tests	0	0	0
frontend/test/communityBoard.test.js	config-sql-scripts-tests	0	0	0
frontend/test/communityDeletion.test.js	config-sql-scripts-tests	0	0	0
frontend/test/communityNews.test.js	config-sql-scripts-tests	0	0	0
frontend/test/feedbackForm.test.js	config-sql-scripts-tests	0	0	0
frontend/test/gameMenu.test.js	config-sql-scripts-tests	0	0	0
frontend/test/gameNicknameStatus.test.js	config-sql-scripts-tests	0	2	0
frontend/test/killCompetitionView.test.js	config-sql-scripts-tests	0	0	0
frontend/test/memberView.test.js	config-sql-scripts-tests	0	0	0
frontend/test/productionBuild.test.js	config-sql-scripts-tests	0	0	0
frontend/test/rankingView.test.js	config-sql-scripts-tests	0	0	0
frontend/test/voiceActivityView.test.js	config-sql-scripts-tests	0	1	0
frontend/vite.config.js	config-sql-scripts-tests	0	0	0
pom.xml	config-sql-scripts-tests	0	0	0
scripts/bingo-baseline-pg-monitor.sh	config-sql-scripts-tests	0	0	0
scripts/run-bingo-baseline.sh	config-sql-scripts-tests	0	0	0
src/main/java/com/guildup/GuildupBackendApplication.java	backend-main	0	0	0
src/main/java/com/guildup/account/domain/ExternalAccountProvider.java	backend-main	0	0	0
src/main/java/com/guildup/bingo/config/BingoAggregationTaskConfig.java	backend-main	0	0	0
src/main/java/com/guildup/bingo/controller/BingoController.java	backend-main	0	0	0
src/main/java/com/guildup/bingo/controller/TemporaryBingoRebuildController.java	backend-main	0	0	0
src/main/java/com/guildup/bingo/domain/BingoAggregationType.java	backend-main	0	0	0
src/main/java/com/guildup/bingo/domain/BingoCell.java	backend-main	0	0	0
src/main/java/com/guildup/bingo/domain/BingoEvent.java	backend-main	0	0	0
src/main/java/com/guildup/bingo/domain/BingoLineCompletion.java	backend-main	0	0	0
src/main/java/com/guildup/bingo/domain/BingoMissionSource.java	backend-main	0	0	0
src/main/java/com/guildup/bingo/domain/BingoMissionType.java	backend-main	0	0	0
src/main/java/com/guildup/bingo/domain/BingoOperator.java	backend-main	0	0	0
src/main/java/com/guildup/bingo/domain/BingoParticipant.java	backend-main	0	0	0
src/main/java/com/guildup/bingo/domain/BingoProcessedMatch.java	backend-main	0	0	0
src/main/java/com/guildup/bingo/domain/BingoProcessedSource.java	backend-main	0	0	0
src/main/java/com/guildup/bingo/domain/BingoProgress.java	backend-main	0	0	0
src/main/java/com/guildup/bingo/domain/BingoProgressSourceType.java	backend-main	0	0	0
src/main/java/com/guildup/bingo/domain/BingoStatus.java	backend-main	0	0	0
src/main/java/com/guildup/bingo/dto/BingoAggregationJobResponse.java	backend-main	0	0	0
src/main/java/com/guildup/bingo/dto/BingoAggregationResponse.java	backend-main	0	0	0
src/main/java/com/guildup/bingo/dto/BingoCatalogResponse.java	backend-main	0	0	0
src/main/java/com/guildup/bingo/dto/BingoCellCompletionResponse.java	backend-main	0	0	0
src/main/java/com/guildup/bingo/dto/BingoCurrentResponse.java	backend-main	0	0	0
src/main/java/com/guildup/bingo/dto/BingoDetailResponse.java	backend-main	0	0	0
src/main/java/com/guildup/bingo/dto/BingoEventRequest.java	backend-main	0	0	0
src/main/java/com/guildup/bingo/dto/BingoSummaryResponse.java	backend-main	0	0	0
src/main/java/com/guildup/bingo/dto/TemporaryBingoRebuildApplyRequest.java	backend-main	0	0	0
src/main/java/com/guildup/bingo/dto/TemporaryBingoRebuildResponse.java	backend-main	0	0	0
src/main/java/com/guildup/bingo/mission/BingoItemCatalog.java	backend-main	0	0	0
src/main/java/com/guildup/bingo/mission/BingoLineCalculator.java	backend-main	0	0	0
src/main/java/com/guildup/bingo/mission/BingoMapCatalog.java	backend-main	0	0	0
src/main/java/com/guildup/bingo/mission/BingoMissionEngine.java	backend-main	0	0	0
src/main/java/com/guildup/bingo/mission/BingoWeaponCatalog.java	backend-main	0	0	0
src/main/java/com/guildup/bingo/mission/PubgBingoFactService.java	backend-main	1	2	0
src/main/java/com/guildup/bingo/repository/BingoCellRepository.java	backend-main	0	0	0
src/main/java/com/guildup/bingo/repository/BingoEventRepository.java	backend-main	0	0	0
src/main/java/com/guildup/bingo/repository/BingoLineCompletionRepository.java	backend-main	0	0	0
src/main/java/com/guildup/bingo/repository/BingoParticipantRepository.java	backend-main	0	0	0
src/main/java/com/guildup/bingo/repository/BingoProcessedMatchRepository.java	backend-main	0	0	0
src/main/java/com/guildup/bingo/repository/BingoProcessedSourceRepository.java	backend-main	0	0	0
src/main/java/com/guildup/bingo/repository/BingoProgressRepository.java	backend-main	0	0	0
src/main/java/com/guildup/bingo/service/BingoAggregationCalculationService.java	backend-main	0	4	2
src/main/java/com/guildup/bingo/service/BingoAggregationJobService.java	backend-main	2	4	2
src/main/java/com/guildup/bingo/service/BingoAggregationMetrics.java	backend-main	0	0	0
src/main/java/com/guildup/bingo/service/BingoAggregationPreparationService.java	backend-main	0	18	0
src/main/java/com/guildup/bingo/service/BingoAggregationRuntimeProbe.java	backend-main	1	0	3
src/main/java/com/guildup/bingo/service/BingoAggregationService.java	backend-main	0	1	2
src/main/java/com/guildup/bingo/service/BingoEventService.java	backend-main	0	11	0
src/main/java/com/guildup/bingo/service/BingoGuildUpContentService.java	backend-main	0	3	0
src/main/java/com/guildup/bingo/service/BingoMatchPolicy.java	backend-main	0	0	0
src/main/java/com/guildup/bingo/service/BingoParticipantEnrollmentService.java	backend-main	0	0	0
src/main/java/com/guildup/bingo/service/BingoProgressCompletionService.java	backend-main	0	0	0
src/main/java/com/guildup/bingo/service/TemporaryBingoRebuildService.java	backend-main	3	4	0
src/main/java/com/guildup/community/activity/ClanActivityMatch.java	backend-main	0	0	0
src/main/java/com/guildup/community/activity/ClanActivityPlayer.java	backend-main	0	0	0
src/main/java/com/guildup/community/activity/ClanActivityStatus.java	backend-main	0	0	0
src/main/java/com/guildup/community/activity/ClanMemberActivityEvaluation.java	backend-main	0	0	0
src/main/java/com/guildup/community/activity/ClanMemberIdentity.java	backend-main	0	0	0
src/main/java/com/guildup/community/activity/CommunityActivityEvaluator.java	backend-main	0	0	0
src/main/java/com/guildup/community/config/CommunityAccessInterceptor.java	backend-main	1	1	0
src/main/java/com/guildup/community/config/CommunityGameActivityRuleDataMigration.java	backend-main	0	0	0
src/main/java/com/guildup/community/config/CommunityGameBoundaryDataMigration.java	backend-main	0	0	0
src/main/java/com/guildup/community/config/CommunityWebConfig.java	backend-main	0	0	0
src/main/java/com/guildup/community/config/TimeConfig.java	backend-main	0	0	0
src/main/java/com/guildup/community/controller/CommunityController.java	backend-main	0	0	0
src/main/java/com/guildup/community/controller/CommunityDiscordController.java	backend-main	0	0	0
src/main/java/com/guildup/community/controller/CommunityDiscordDmController.java	backend-main	0	0	0
src/main/java/com/guildup/community/controller/CommunityDiscordVoiceActivityController.java	backend-main	0	0	0
src/main/java/com/guildup/community/controller/CommunityDiscoveryController.java	backend-main	0	0	0
src/main/java/com/guildup/community/controller/CommunityEventController.java	backend-main	0	0	0
src/main/java/com/guildup/community/controller/CommunityGameActivityRuleController.java	backend-main	0	0	0
src/main/java/com/guildup/community/controller/CommunityGameNicknameRuleController.java	backend-main	0	0	0
src/main/java/com/guildup/community/controller/CommunityMemberActivityController.java	backend-main	0	0	0
src/main/java/com/guildup/community/controller/CommunityMemberController.java	backend-main	0	0	0
src/main/java/com/guildup/community/controller/CommunityMemberRoleSettingController.java	backend-main	0	0	0
src/main/java/com/guildup/community/controller/CommunityNewsSummaryController.java	backend-main	0	0	0
src/main/java/com/guildup/community/controller/CommunityNoticeController.java	backend-main	0	0	0
src/main/java/com/guildup/community/controller/CommunityPostController.java	backend-main	0	0	0
src/main/java/com/guildup/community/controller/CommunityScoreController.java	backend-main	0	0	0
src/main/java/com/guildup/community/controller/CommunityTeamMakerController.java	backend-main	0	0	0
src/main/java/com/guildup/community/controller/CommunityUserController.java	backend-main	0	0	0
src/main/java/com/guildup/community/controller/MyCommunityController.java	backend-main	0	0	0
src/main/java/com/guildup/community/domain/Community.java	backend-main	0	0	0
src/main/java/com/guildup/community/domain/CommunityAttendance.java	backend-main	0	0	0
src/main/java/com/guildup/community/domain/CommunityEvent.java	backend-main	0	0	0
src/main/java/com/guildup/community/domain/CommunityEventStatus.java	backend-main	0	0	0
src/main/java/com/guildup/community/domain/CommunityEventType.java	backend-main	0	0	0
src/main/java/com/guildup/community/domain/CommunityGame.java	backend-main	0	0	0
src/main/java/com/guildup/community/domain/CommunityGameActivityRule.java	backend-main	0	3	0
src/main/java/com/guildup/community/domain/CommunityGameActivitySync.java	backend-main	0	0	0
src/main/java/com/guildup/community/domain/CommunityGameActivitySyncStatus.java	backend-main	0	0	0
src/main/java/com/guildup/community/domain/CommunityGameNicknameRule.java	backend-main	0	0	0
src/main/java/com/guildup/community/domain/CommunityMember.java	backend-main	0	0	0
src/main/java/com/guildup/community/domain/CommunityMemberAccount.java	backend-main	0	0	0
src/main/java/com/guildup/community/domain/CommunityMemberActivityMatch.java	backend-main	0	0	0
src/main/java/com/guildup/community/domain/CommunityMemberActivityMatchPlayer.java	backend-main	0	0	0
src/main/java/com/guildup/community/domain/CommunityMemberActivitySnapshot.java	backend-main	0	0	0
src/main/java/com/guildup/community/domain/CommunityMemberRoleSetting.java	backend-main	0	0	0
src/main/java/com/guildup/community/domain/CommunityMemberScore.java	backend-main	0	1	0
src/main/java/com/guildup/community/domain/CommunityMemberStatus.java	backend-main	0	0	0
src/main/java/com/guildup/community/domain/CommunityNotice.java	backend-main	0	0	0
src/main/java/com/guildup/community/domain/CommunityPost.java	backend-main	0	0	0
src/main/java/com/guildup/community/domain/CommunityPostCategory.java	backend-main	0	0	0
src/main/java/com/guildup/community/domain/CommunityPostComment.java	backend-main	0	0	0
src/main/java/com/guildup/community/domain/CommunityScoreHistory.java	backend-main	0	0	0
src/main/java/com/guildup/community/domain/CommunityScoreReferenceType.java	backend-main	0	0	0
src/main/java/com/guildup/community/domain/CommunityScoreType.java	backend-main	0	0	0
src/main/java/com/guildup/community/domain/CommunityUser.java	backend-main	0	0	0
src/main/java/com/guildup/community/domain/CommunityUserRole.java	backend-main	0	0	0
src/main/java/com/guildup/community/domain/DiscordCommunityConnection.java	backend-main	0	0	0
src/main/java/com/guildup/community/domain/GameCapability.java	backend-main	0	0	0
src/main/java/com/guildup/community/domain/GameNicknameDelimiterType.java	backend-main	0	0	0
src/main/java/com/guildup/community/domain/GameNicknameRuleStrategyType.java	backend-main	0	0	0
src/main/java/com/guildup/community/domain/GameType.java	backend-main	0	0	0
src/main/java/com/guildup/community/domain/RankingPeriodType.java	backend-main	0	0	0
src/main/java/com/guildup/community/dto/AttendanceCheckResponse.java	backend-main	0	0	0
src/main/java/com/guildup/community/dto/AttendanceStatusResponse.java	backend-main	0	0	0
src/main/java/com/guildup/community/dto/BalancedTeamResponse.java	backend-main	0	0	0
src/main/java/com/guildup/community/dto/CommunityActivitySyncResponse.java	backend-main	0	0	0
src/main/java/com/guildup/community/dto/CommunityCreateRequest.java	backend-main	0	0	0
src/main/java/com/guildup/community/dto/CommunityDashboardResponse.java	backend-main	0	0	0
src/main/java/com/guildup/community/dto/CommunityEventRequest.java	backend-main	0	0	0
src/main/java/com/guildup/community/dto/CommunityEventResponse.java	backend-main	0	0	0
src/main/java/com/guildup/community/dto/CommunityGameActivityRuleRequest.java	backend-main	0	0	0
src/main/java/com/guildup/community/dto/CommunityGameActivityRuleResponse.java	backend-main	0	0	0
src/main/java/com/guildup/community/dto/CommunityGameNicknameSyncResponse.java	backend-main	0	0	0
src/main/java/com/guildup/community/dto/CommunityGameResponse.java	backend-main	0	0	0
src/main/java/com/guildup/community/dto/CommunityMemberActivityDetailResponse.java	backend-main	0	0	0
src/main/java/com/guildup/community/dto/CommunityMemberActivityListResponse.java	backend-main	0	0	0
src/main/java/com/guildup/community/dto/CommunityMemberCreateRequest.java	backend-main	0	0	0
src/main/java/com/guildup/community/dto/CommunityMemberResponse.java	backend-main	0	0	0
src/main/java/com/guildup/community/dto/CommunityMemberRoleSettingRequest.java	backend-main	0	0	0
src/main/java/com/guildup/community/dto/CommunityMemberRoleSettingRoleResponse.java	backend-main	0	0	0
src/main/java/com/guildup/community/dto/CommunityMemberRoleSettingsResponse.java	backend-main	0	0	0
src/main/java/com/guildup/community/dto/CommunityMemberSyncResponse.java	backend-main	0	0	0
src/main/java/com/guildup/community/dto/CommunityNewsSummaryResponse.java	backend-main	0	0	0
src/main/java/com/guildup/community/dto/CommunityNoticeRequest.java	backend-main	0	0	0
src/main/java/com/guildup/community/dto/CommunityNoticeResponse.java	backend-main	0	0	0
src/main/java/com/guildup/community/dto/CommunityPostCommentRequest.java	backend-main	0	0	0
src/main/java/com/guildup/community/dto/CommunityPostCommentResponse.java	backend-main	0	0	0
src/main/java/com/guildup/community/dto/CommunityPostCreateRequest.java	backend-main	0	0	0
src/main/java/com/guildup/community/dto/CommunityPostDetailResponse.java	backend-main	0	0	0
src/main/java/com/guildup/community/dto/CommunityPostListItemResponse.java	backend-main	0	0	0
src/main/java/com/guildup/community/dto/CommunityPostPageResponse.java	backend-main	0	0	0
src/main/java/com/guildup/community/dto/CommunityPostUpdateRequest.java	backend-main	0	0	0
src/main/java/com/guildup/community/dto/CommunityRankingEntryResponse.java	backend-main	0	0	0
src/main/java/com/guildup/community/dto/CommunityRankingsResponse.java	backend-main	0	0	0
src/main/java/com/guildup/community/dto/CommunityResponse.java	backend-main	0	0	0
src/main/java/com/guildup/community/dto/CommunityUserResponse.java	backend-main	0	0	0
src/main/java/com/guildup/community/dto/CommunityUserRoleUpdateRequest.java	backend-main	0	0	0
src/main/java/com/guildup/community/dto/DiscoverableCommunityResponse.java	backend-main	0	0	0
src/main/java/com/guildup/community/dto/GameNicknameExtractionStatus.java	backend-main	0	0	0
src/main/java/com/guildup/community/dto/GameNicknameMemberPreviewResponse.java	backend-main	0	0	0
src/main/java/com/guildup/community/dto/GameNicknameRulePreviewResponse.java	backend-main	0	0	0
src/main/java/com/guildup/community/dto/GameNicknameRuleRequest.java	backend-main	0	0	0
src/main/java/com/guildup/community/dto/GameNicknameRuleResponse.java	backend-main	0	0	0
src/main/java/com/guildup/community/dto/GameNicknameRuleStatusResponse.java	backend-main	0	0	0
src/main/java/com/guildup/community/dto/MemberActivityMatchResponse.java	backend-main	0	0	0
src/main/java/com/guildup/community/dto/MemberActivityPlayerResponse.java	backend-main	0	0	0
src/main/java/com/guildup/community/dto/MemberActivityRuleResponse.java	backend-main	0	0	0
src/main/java/com/guildup/community/dto/MemberActivitySummaryResponse.java	backend-main	0	0	0
src/main/java/com/guildup/community/dto/MyCommunityRankingResponse.java	backend-main	0	0	0
src/main/java/com/guildup/community/dto/MyCommunityResponse.java	backend-main	0	0	0
src/main/java/com/guildup/community/dto/RankingPeriodResponse.java	backend-main	0	0	0
src/main/java/com/guildup/community/dto/RankingSettingsRequest.java	backend-main	0	0	0
src/main/java/com/guildup/community/dto/RankingSettingsResponse.java	backend-main	0	0	0
src/main/java/com/guildup/community/dto/TeamBalanceSummaryResponse.java	backend-main	0	0	0
src/main/java/com/guildup/community/dto/TeamGenerationRequest.java	backend-main	0	0	0
src/main/java/com/guildup/community/dto/TeamGenerationResponse.java	backend-main	0	0	0
src/main/java/com/guildup/community/dto/TeamMakerParticipantResponse.java	backend-main	0	0	0
src/main/java/com/guildup/community/dto/TeamMakerParticipantsResponse.java	backend-main	0	0	0
src/main/java/com/guildup/community/dto/TeamRebalanceRequest.java	backend-main	0	0	0
src/main/java/com/guildup/community/exception/AlreadyCommunityMemberException.java	backend-main	0	0	0
src/main/java/com/guildup/community/exception/CommunityMemberRoleSettingRequiredException.java	backend-main	0	0	0
src/main/java/com/guildup/community/exception/CommunityNewsExceptionHandler.java	backend-main	0	0	0
src/main/java/com/guildup/community/exception/CommunityNotFoundException.java	backend-main	0	0	0
src/main/java/com/guildup/community/exception/DiscordCommunityConnectionConflictException.java	backend-main	0	0	0
src/main/java/com/guildup/community/exception/DiscordCommunityConnectionNotFoundException.java	backend-main	0	0	0
src/main/java/com/guildup/community/exception/DiscordGuildAlreadyConnectedException.java	backend-main	0	0	0
src/main/java/com/guildup/community/repository/CommunityAttendanceRepository.java	backend-main	0	0	0
src/main/java/com/guildup/community/repository/CommunityDeletionStore.java	backend-main	0	0	0
src/main/java/com/guildup/community/repository/CommunityEventRepository.java	backend-main	0	0	0
src/main/java/com/guildup/community/repository/CommunityGameActivityRuleRepository.java	backend-main	0	0	0
src/main/java/com/guildup/community/repository/CommunityGameActivitySyncRepository.java	backend-main	0	0	0
src/main/java/com/guildup/community/repository/CommunityGameNicknameRuleRepository.java	backend-main	0	0	0
src/main/java/com/guildup/community/repository/CommunityGameRepository.java	backend-main	0	0	0
src/main/java/com/guildup/community/repository/CommunityMemberAccountRepository.java	backend-main	0	0	0
src/main/java/com/guildup/community/repository/CommunityMemberActivitySnapshotRepository.java	backend-main	0	0	0
src/main/java/com/guildup/community/repository/CommunityMemberRepository.java	backend-main	0	0	0
src/main/java/com/guildup/community/repository/CommunityMemberRoleSettingRepository.java	backend-main	0	0	0
src/main/java/com/guildup/community/repository/CommunityMemberScoreRepository.java	backend-main	0	0	0
src/main/java/com/guildup/community/repository/CommunityNoticeRepository.java	backend-main	0	0	0
src/main/java/com/guildup/community/repository/CommunityPostCommentRepository.java	backend-main	0	0	0
src/main/java/com/guildup/community/repository/CommunityPostRepository.java	backend-main	0	0	0
src/main/java/com/guildup/community/repository/CommunityRankingRepository.java	backend-main	0	0	0
src/main/java/com/guildup/community/repository/CommunityRepository.java	backend-main	0	0	0
src/main/java/com/guildup/community/repository/CommunityScoreHistoryRepository.java	backend-main	0	0	0
src/main/java/com/guildup/community/repository/CommunityUserRepository.java	backend-main	0	0	0
src/main/java/com/guildup/community/repository/DiscordCommunityConnectionRepository.java	backend-main	0	0	0
src/main/java/com/guildup/community/service/CommunityAccessService.java	backend-main	0	5	0
src/main/java/com/guildup/community/service/CommunityActivitySyncCoordinator.java	backend-main	0	4	0
src/main/java/com/guildup/community/service/CommunityActivitySyncPolicy.java	backend-main	0	0	0
src/main/java/com/guildup/community/service/CommunityAttendanceService.java	backend-main	0	0	0
src/main/java/com/guildup/community/service/CommunityDiscordDmService.java	backend-main	2	7	2
src/main/java/com/guildup/community/service/CommunityDiscordQueryService.java	backend-main	0	0	0
src/main/java/com/guildup/community/service/CommunityDiscordVoiceActivityService.java	backend-main	0	1	0
src/main/java/com/guildup/community/service/CommunityEventService.java	backend-main	0	4	0
src/main/java/com/guildup/community/service/CommunityGameAccessService.java	backend-main	0	3	0
src/main/java/com/guildup/community/service/CommunityGameActivityRuleService.java	backend-main	1	4	0
src/main/java/com/guildup/community/service/CommunityGameNicknameRuleService.java	backend-main	0	3	0
src/main/java/com/guildup/community/service/CommunityGameNicknameSyncService.java	backend-main	0	1	0
src/main/java/com/guildup/community/service/CommunityMemberActivityService.java	backend-main	0	2	0
src/main/java/com/guildup/community/service/CommunityMemberActivitySyncService.java	backend-main	1	1	0
src/main/java/com/guildup/community/service/CommunityMemberActivitySyncWorker.java	backend-main	1	5	3
src/main/java/com/guildup/community/service/CommunityMemberDiscordStateService.java	backend-main	0	2	3
src/main/java/com/guildup/community/service/CommunityMemberPubgIdentityService.java	backend-main	0	0	0
src/main/java/com/guildup/community/service/CommunityMemberRealtimeSyncService.java	backend-main	0	0	0
src/main/java/com/guildup/community/service/CommunityMemberReconciliationQueue.java	backend-main	2	0	4
src/main/java/com/guildup/community/service/CommunityMemberRoleSettingService.java	backend-main	0	3	0
src/main/java/com/guildup/community/service/CommunityMemberService.java	backend-main	0	0	0
src/main/java/com/guildup/community/service/CommunityMemberSyncLockManager.java	backend-main	0	0	0
src/main/java/com/guildup/community/service/CommunityMemberSyncService.java	backend-main	0	0	0
src/main/java/com/guildup/community/service/CommunityMembershipService.java	backend-main	3	13	0
src/main/java/com/guildup/community/service/CommunityNewsSummaryService.java	backend-main	0	0	0
src/main/java/com/guildup/community/service/CommunityNewsValidation.java	backend-main	0	2	0
src/main/java/com/guildup/community/service/CommunityNoticeService.java	backend-main	0	2	0
src/main/java/com/guildup/community/service/CommunityPostService.java	backend-main	0	4	0
src/main/java/com/guildup/community/service/CommunityRankingService.java	backend-main	0	2	0
src/main/java/com/guildup/community/service/CommunityScoreService.java	backend-main	0	6	0
src/main/java/com/guildup/community/service/CommunityService.java	backend-main	0	6	0
src/main/java/com/guildup/community/service/CommunityTeamMakerService.java	backend-main	0	7	0
src/main/java/com/guildup/community/service/CurrentCommunityMemberService.java	backend-main	0	3	0
src/main/java/com/guildup/community/service/DiscordCommunityConnectionService.java	backend-main	1	7	0
src/main/java/com/guildup/community/service/RankingPeriod.java	backend-main	0	1	0
src/main/java/com/guildup/community/service/TeamBalanceService.java	backend-main	0	4	0
src/main/java/com/guildup/community/service/nickname/DelimitedSegmentNicknameStrategy.java	backend-main	0	0	0
src/main/java/com/guildup/community/service/nickname/FullNicknameExtractionStrategy.java	backend-main	0	0	0
src/main/java/com/guildup/community/service/nickname/GameNicknameExtractionStrategy.java	backend-main	0	0	0
src/main/java/com/guildup/community/service/nickname/GameNicknameRuleInferenceService.java	backend-main	0	6	0
src/main/java/com/guildup/community/service/nickname/NicknameRuleCandidate.java	backend-main	0	0	0
src/main/java/com/guildup/developer/config/DeveloperAccessInterceptor.java	backend-main	0	0	0
src/main/java/com/guildup/developer/config/DeveloperAccessService.java	backend-main	0	1	0
src/main/java/com/guildup/developer/config/DeveloperWebConfig.java	backend-main	0	0	0
src/main/java/com/guildup/developer/controller/DeveloperController.java	backend-main	0	0	0
src/main/java/com/guildup/developer/dto/DeveloperResponses.java	backend-main	0	0	0
src/main/java/com/guildup/developer/service/DeveloperQueryService.java	backend-main	4	6	0
src/main/java/com/guildup/discord/bot/DiscordBot.java	backend-main	2	0	3
src/main/java/com/guildup/discord/bot/DiscordMemberEventDispatcher.java	backend-main	1	0	1
src/main/java/com/guildup/discord/bot/DiscordMemberEventListener.java	backend-main	2	0	2
src/main/java/com/guildup/discord/bot/DiscordVoiceEventListener.java	backend-main	0	0	0
src/main/java/com/guildup/discord/config/DiscordConfig.java	backend-main	2	2	0
src/main/java/com/guildup/discord/config/DiscordTaskExecutorConfig.java	backend-main	0	0	0
src/main/java/com/guildup/discord/controller/DiscordRoleController.java	backend-main	0	0	0
src/main/java/com/guildup/discord/domain/DiscordVoiceSession.java	backend-main	0	0	0
src/main/java/com/guildup/discord/dto/DiscordDmFailureReason.java	backend-main	0	0	0
src/main/java/com/guildup/discord/dto/DiscordDmRecipientsResponse.java	backend-main	0	0	0
src/main/java/com/guildup/discord/dto/DiscordDmRequest.java	backend-main	0	0	0
src/main/java/com/guildup/discord/dto/DiscordDmResponse.java	backend-main	0	0	0
src/main/java/com/guildup/discord/dto/DiscordDmResult.java	backend-main	0	0	0
src/main/java/com/guildup/discord/dto/DiscordMemberResponse.java	backend-main	0	0	0
src/main/java/com/guildup/discord/dto/DiscordRoleResponse.java	backend-main	0	0	0
src/main/java/com/guildup/discord/dto/DiscordVoiceActivityDetailResponse.java	backend-main	0	0	0
src/main/java/com/guildup/discord/dto/DiscordVoiceActivitySummaryResponse.java	backend-main	0	0	0
src/main/java/com/guildup/discord/dto/DiscordVoiceSessionResponse.java	backend-main	0	0	0
src/main/java/com/guildup/discord/exception/DiscordResourceNotFoundException.java	backend-main	0	0	0
src/main/java/com/guildup/discord/exception/DuplicateDiscordDmRequestException.java	backend-main	0	0	0
src/main/java/com/guildup/discord/oauth/client/DiscordApiClient.java	backend-main	2	4	0
src/main/java/com/guildup/discord/oauth/client/dto/DiscordAccessTokenResponse.java	backend-main	0	0	0
src/main/java/com/guildup/discord/oauth/client/dto/DiscordApiGuild.java	backend-main	0	0	0
src/main/java/com/guildup/discord/oauth/client/dto/DiscordApiUser.java	backend-main	0	0	0
src/main/java/com/guildup/discord/oauth/config/DiscordOAuthConfig.java	backend-main	0	0	0
src/main/java/com/guildup/discord/oauth/config/DiscordOAuthProperties.java	backend-main	0	1	0
src/main/java/com/guildup/discord/oauth/controller/DiscordBotInstallController.java	backend-main	0	0	0
src/main/java/com/guildup/discord/oauth/controller/DiscordCommunityMembershipController.java	backend-main	0	0	0
src/main/java/com/guildup/discord/oauth/controller/DiscordOAuthController.java	backend-main	0	1	0
src/main/java/com/guildup/discord/oauth/dto/CommunityJoinResponse.java	backend-main	0	0	0
src/main/java/com/guildup/discord/oauth/dto/DiscordBotInstallConfirmRequest.java	backend-main	0	0	0
src/main/java/com/guildup/discord/oauth/dto/DiscordBotInstallConfirmResponse.java	backend-main	0	0	0
src/main/java/com/guildup/discord/oauth/dto/DiscordBotInstallStartRequest.java	backend-main	0	0	0
src/main/java/com/guildup/discord/oauth/dto/DiscordBotInstallStartResponse.java	backend-main	0	0	0
src/main/java/com/guildup/discord/oauth/dto/DiscordGuildSelectionRequest.java	backend-main	0	0	0
src/main/java/com/guildup/discord/oauth/dto/DiscordGuildSelectionResponse.java	backend-main	0	0	0
src/main/java/com/guildup/discord/oauth/dto/DiscordManageableGuildResponse.java	backend-main	0	0	0
src/main/java/com/guildup/discord/oauth/dto/DiscordOAuthErrorResponse.java	backend-main	0	0	0
src/main/java/com/guildup/discord/oauth/dto/DiscordOAuthResultResponse.java	backend-main	0	0	0
src/main/java/com/guildup/discord/oauth/dto/DiscordOAuthUserResponse.java	backend-main	0	0	0
src/main/java/com/guildup/discord/oauth/exception/DiscordBotNotInstalledException.java	backend-main	0	0	0
src/main/java/com/guildup/discord/oauth/exception/DiscordOAuthConfigurationException.java	backend-main	0	0	0
src/main/java/com/guildup/discord/oauth/exception/DiscordOAuthExceptionHandler.java	backend-main	0	0	0
src/main/java/com/guildup/discord/oauth/exception/DiscordOAuthResultNotFoundException.java	backend-main	0	0	0
src/main/java/com/guildup/discord/oauth/exception/InvalidDiscordBotInstallTokenException.java	backend-main	0	0	0
src/main/java/com/guildup/discord/oauth/exception/InvalidDiscordGuildSelectionException.java	backend-main	0	0	0
src/main/java/com/guildup/discord/oauth/exception/InvalidDiscordOAuthStateException.java	backend-main	0	0	0
src/main/java/com/guildup/discord/oauth/service/DiscordBotInstallService.java	backend-main	1	2	0
src/main/java/com/guildup/discord/oauth/service/DiscordOAuthService.java	backend-main	1	1	0
src/main/java/com/guildup/discord/oauth/store/DiscordBotInstallSession.java	backend-main	0	0	0
src/main/java/com/guildup/discord/oauth/store/DiscordBotInstallStore.java	backend-main	0	0	0
src/main/java/com/guildup/discord/oauth/store/DiscordOAuthSessionStore.java	backend-main	0	0	0
src/main/java/com/guildup/discord/oauth/store/InMemoryDiscordBotInstallStore.java	backend-main	0	1	0
src/main/java/com/guildup/discord/oauth/store/InMemoryDiscordOAuthSessionStore.java	backend-main	0	5	0
src/main/java/com/guildup/discord/repository/DiscordVoiceSessionRepository.java	backend-main	0	0	0
src/main/java/com/guildup/discord/service/DiscordDirectMessageClient.java	backend-main	0	0	0
src/main/java/com/guildup/discord/service/DiscordGuildService.java	backend-main	1	1	0
src/main/java/com/guildup/discord/service/DiscordMemberService.java	backend-main	0	1	0
src/main/java/com/guildup/discord/service/DiscordRoleService.java	backend-main	1	2	0
src/main/java/com/guildup/discord/service/DiscordVoiceRecoveryService.java	backend-main	0	0	1
src/main/java/com/guildup/discord/service/DiscordVoiceSessionService.java	backend-main	0	0	0
src/main/java/com/guildup/feedback/controller/FeedbackController.java	backend-main	0	0	0
src/main/java/com/guildup/feedback/domain/FeedbackType.java	backend-main	0	0	0
src/main/java/com/guildup/feedback/dto/FeedbackRequest.java	backend-main	0	0	0
src/main/java/com/guildup/feedback/dto/FeedbackResponse.java	backend-main	0	0	0
src/main/java/com/guildup/feedback/exception/FeedbackExceptionHandler.java	backend-main	0	0	0
src/main/java/com/guildup/feedback/exception/FeedbackMailException.java	backend-main	0	0	0
src/main/java/com/guildup/feedback/service/FeedbackMailMessage.java	backend-main	0	0	0
src/main/java/com/guildup/feedback/service/FeedbackMailService.java	backend-main	1	1	1
src/main/java/com/guildup/feedback/service/FeedbackService.java	backend-main	0	7	0
src/main/java/com/guildup/killcompetition/config/KillCompetitionSchemaMigration.java	backend-main	0	0	0
src/main/java/com/guildup/killcompetition/controller/KillCompetitionController.java	backend-main	0	0	0
src/main/java/com/guildup/killcompetition/domain/KillCompetition.java	backend-main	0	0	0
src/main/java/com/guildup/killcompetition/domain/KillCompetitionGameMode.java	backend-main	0	0	0
src/main/java/com/guildup/killcompetition/domain/KillCompetitionMatchResult.java	backend-main	0	0	0
src/main/java/com/guildup/killcompetition/domain/KillCompetitionParticipant.java	backend-main	0	0	0
src/main/java/com/guildup/killcompetition/domain/KillCompetitionParticipationStatus.java	backend-main	0	0	0
src/main/java/com/guildup/killcompetition/domain/KillCompetitionStatus.java	backend-main	0	0	0
src/main/java/com/guildup/killcompetition/domain/KillCompetitionTeam.java	backend-main	0	0	0
src/main/java/com/guildup/killcompetition/dto/KillCompetitionCreateRequest.java	backend-main	0	0	0
src/main/java/com/guildup/killcompetition/dto/KillCompetitionDetailResponse.java	backend-main	0	0	0
src/main/java/com/guildup/killcompetition/dto/KillCompetitionEndTimeRequest.java	backend-main	0	0	0
src/main/java/com/guildup/killcompetition/dto/KillCompetitionParticipantAddRequest.java	backend-main	0	0	0
src/main/java/com/guildup/killcompetition/dto/KillCompetitionParticipantApprovalRequest.java	backend-main	0	0	0
src/main/java/com/guildup/killcompetition/dto/KillCompetitionParticipantTeamRequest.java	backend-main	0	0	0
src/main/java/com/guildup/killcompetition/dto/KillCompetitionRecruitmentRequest.java	backend-main	0	0	0
src/main/java/com/guildup/killcompetition/dto/KillCompetitionScoreSettingsRequest.java	backend-main	0	0	0
src/main/java/com/guildup/killcompetition/dto/KillCompetitionSummaryResponse.java	backend-main	0	0	0
src/main/java/com/guildup/killcompetition/dto/KillCompetitionTeamRequest.java	backend-main	0	0	0
src/main/java/com/guildup/killcompetition/dto/StrictScoreIntegerDeserializer.java	backend-main	0	0	0
src/main/java/com/guildup/killcompetition/repository/KillCompetitionMatchResultRepository.java	backend-main	0	0	0
src/main/java/com/guildup/killcompetition/repository/KillCompetitionParticipantRepository.java	backend-main	0	0	0
src/main/java/com/guildup/killcompetition/repository/KillCompetitionRepository.java	backend-main	0	0	0
src/main/java/com/guildup/killcompetition/repository/KillCompetitionTeamRepository.java	backend-main	0	0	0
src/main/java/com/guildup/killcompetition/service/KillCompetitionKillSnapshot.java	backend-main	0	0	0
src/main/java/com/guildup/killcompetition/service/KillCompetitionManagementAccess.java	backend-main	0	1	0
src/main/java/com/guildup/killcompetition/service/KillCompetitionParticipationService.java	backend-main	0	3	0
src/main/java/com/guildup/killcompetition/service/KillCompetitionParticipationStore.java	backend-main	0	9	0
src/main/java/com/guildup/killcompetition/service/KillCompetitionPendingMonitor.java	backend-main	0	0	0
src/main/java/com/guildup/killcompetition/service/KillCompetitionPubgAggregator.java	backend-main	0	2	0
src/main/java/com/guildup/killcompetition/service/KillCompetitionResultScheduler.java	backend-main	0	0	0
src/main/java/com/guildup/killcompetition/service/KillCompetitionService.java	backend-main	0	9	0
src/main/java/com/guildup/killcompetition/service/KillCompetitionSettlementService.java	backend-main	3	1	7
src/main/java/com/guildup/killcompetition/service/KillCompetitionSettlementStore.java	backend-main	0	3	0
src/main/java/com/guildup/killcompetition/service/KillCompetitionWinnerResolver.java	backend-main	0	0	0
src/main/java/com/guildup/monitoring/controller/DeveloperMonitoringController.java	backend-main	0	0	0
src/main/java/com/guildup/monitoring/domain/MonitoringCategory.java	backend-main	0	0	0
src/main/java/com/guildup/monitoring/domain/MonitoringEvent.java	backend-main	0	0	0
src/main/java/com/guildup/monitoring/domain/MonitoringEventCode.java	backend-main	0	0	0
src/main/java/com/guildup/monitoring/domain/MonitoringSeverity.java	backend-main	0	0	0
src/main/java/com/guildup/monitoring/dto/MonitoringResponses.java	backend-main	0	0	0
src/main/java/com/guildup/monitoring/repository/MonitoringEventRepository.java	backend-main	0	0	0
src/main/java/com/guildup/monitoring/service/DatabasePoolMonitor.java	backend-main	0	0	0
src/main/java/com/guildup/monitoring/service/MonitoringEventService.java	backend-main	2	0	2
src/main/java/com/guildup/monitoring/service/MonitoringEventWriter.java	backend-main	0	0	0
src/main/java/com/guildup/monitoring/service/MonitoringQueryService.java	backend-main	0	1	0
src/main/java/com/guildup/monitoring/service/MonitoringRetentionScheduler.java	backend-main	0	0	1
src/main/java/com/guildup/monitoring/service/MonitoringStatusService.java	backend-main	2	0	0
src/main/java/com/guildup/monitoring/service/SafeMonitoringDataSanitizer.java	backend-main	0	0	0
src/main/java/com/guildup/monitoring/web/HttpServerErrorMonitoringFilter.java	backend-main	2	1	1
src/main/java/com/guildup/pubg/client/PubgApiClient.java	backend-main	19	18	6
src/main/java/com/guildup/pubg/client/PubgApiRequestGovernor.java	backend-main	3	1	0
src/main/java/com/guildup/pubg/client/dto/PubgMatchApiResponse.java	backend-main	0	0	0
src/main/java/com/guildup/pubg/client/dto/PubgPlayerSeasonApiResponse.java	backend-main	0	0	0
src/main/java/com/guildup/pubg/client/dto/PubgPlayersApiResponse.java	backend-main	0	0	0
src/main/java/com/guildup/pubg/client/dto/PubgPlayersSeasonApiResponse.java	backend-main	0	0	0
src/main/java/com/guildup/pubg/client/dto/PubgSeasonsApiResponse.java	backend-main	0	0	0
src/main/java/com/guildup/pubg/config/PubgApiConfig.java	backend-main	0	0	0
src/main/java/com/guildup/pubg/config/PubgApiProperties.java	backend-main	0	1	0
src/main/java/com/guildup/pubg/domain/PubgStoredMatch.java	backend-main	0	0	0
src/main/java/com/guildup/pubg/domain/PubgStoredMatchKill.java	backend-main	0	0	0
src/main/java/com/guildup/pubg/domain/PubgStoredMatchPlayer.java	backend-main	0	0	0
src/main/java/com/guildup/pubg/exception/PubgApiErrorCode.java	backend-main	0	0	0
src/main/java/com/guildup/pubg/exception/PubgApiErrorResponse.java	backend-main	0	0	0
src/main/java/com/guildup/pubg/exception/PubgApiException.java	backend-main	0	0	0
src/main/java/com/guildup/pubg/exception/PubgApiExceptionHandler.java	backend-main	0	0	0
src/main/java/com/guildup/pubg/model/PlayerMatchFacts.java	backend-main	0	0	0
src/main/java/com/guildup/pubg/model/PubgCommunityMetricSupport.java	backend-main	0	0	0
src/main/java/com/guildup/pubg/model/PubgMatch.java	backend-main	0	0	0
src/main/java/com/guildup/pubg/model/PubgMatchCategory.java	backend-main	0	0	0
src/main/java/com/guildup/pubg/model/PubgParticipant.java	backend-main	0	0	0
src/main/java/com/guildup/pubg/model/PubgPlayer.java	backend-main	0	0	0
src/main/java/com/guildup/pubg/model/PubgSeason.java	backend-main	0	0	0
src/main/java/com/guildup/pubg/model/PubgSeasonStats.java	backend-main	0	0	0
src/main/java/com/guildup/pubg/model/PubgTeam.java	backend-main	0	0	0
src/main/java/com/guildup/pubg/repository/PubgStoredMatchKillRepository.java	backend-main	0	0	0
src/main/java/com/guildup/pubg/repository/PubgStoredMatchPlayerRepository.java	backend-main	0	0	0
src/main/java/com/guildup/pubg/repository/PubgStoredMatchRepository.java	backend-main	0	0	0
src/main/java/com/guildup/pubg/service/PubgFactCodec.java	backend-main	0	0	0
src/main/java/com/guildup/pubg/service/PubgMatchFactProvider.java	backend-main	0	0	0
src/main/java/com/guildup/pubg/service/PubgMatchFactQueryService.java	backend-main	0	0	0
src/main/java/com/guildup/pubg/service/PubgMatchFactWriter.java	backend-main	0	1	0
src/main/java/com/guildup/pubg/service/PubgMatchService.java	backend-main	5	7	0
src/main/java/com/guildup/pubg/service/PubgMatchSyncService.java	backend-main	7	4	3
src/main/java/com/guildup/pubg/service/PubgPlayerService.java	backend-main	0	0	0
src/main/java/com/guildup/pubg/service/PubgSeasonService.java	backend-main	0	2	0
src/main/java/com/guildup/pubg/service/PubgTelemetryClient.java	backend-main	1	1	0
src/main/java/com/guildup/pubg/support/PubgAiBotSupport.java	backend-main	0	0	0
src/main/java/com/guildup/pubg/support/PubgGameSupport.java	backend-main	0	0	0
src/main/java/com/guildup/user/auth/controller/DiscordLoginController.java	backend-main	0	1	0
src/main/java/com/guildup/user/auth/dto/LoginUserResponse.java	backend-main	0	0	0
src/main/java/com/guildup/user/auth/service/CurrentUserSession.java	backend-main	0	1	0
src/main/java/com/guildup/user/auth/service/DiscordLoginService.java	backend-main	0	0	0
src/main/java/com/guildup/user/domain/SystemRole.java	backend-main	0	0	0
src/main/java/com/guildup/user/domain/User.java	backend-main	0	0	0
src/main/java/com/guildup/user/domain/UserExternalAccount.java	backend-main	0	0	0
src/main/java/com/guildup/user/repository/UserExternalAccountRepository.java	backend-main	0	0	0
src/main/java/com/guildup/user/repository/UserRepository.java	backend-main	0	0	0
src/main/resources/application.properties	config-sql-scripts-tests	0	0	0
src/main/resources/db/manual/add_bingo.sql	config-sql-scripts-tests	0	0	0
src/main/resources/db/manual/add_bingo_bot_combat_filter.sql	config-sql-scripts-tests	0	0	0
src/main/resources/db/manual/add_bingo_processed_sources.sql	config-sql-scripts-tests	0	0	0
src/main/resources/db/manual/add_community_activity_monitoring_event_code.sql	config-sql-scripts-tests	0	0	0
src/main/resources/db/manual/add_community_board.sql	config-sql-scripts-tests	0	0	0
src/main/resources/db/manual/add_community_game_boundaries.sql	config-sql-scripts-tests	0	0	0
src/main/resources/db/manual/add_community_news.sql	config-sql-scripts-tests	0	0	0
src/main/resources/db/manual/add_community_ranking_periods.sql	config-sql-scripts-tests	0	0	0
src/main/resources/db/manual/add_community_scores.sql	config-sql-scripts-tests	0	0	0
src/main/resources/db/manual/add_kill_competition_finalization_claim_token.sql	config-sql-scripts-tests	0	0	0
src/main/resources/db/manual/add_kill_competition_score_settings.sql	config-sql-scripts-tests	0	0	0
src/main/resources/db/manual/add_kill_competitions.sql	config-sql-scripts-tests	0	0	0
src/main/resources/db/manual/add_monitoring_events.sql	config-sql-scripts-tests	0	0	0
src/main/resources/db/manual/add_pubg_match_facts.sql	config-sql-scripts-tests	0	0	0
src/main/resources/db/manual/add_user_system_role.sql	config-sql-scripts-tests	0	0	0
src/main/resources/db/manual/fix_bingo_event_36_long_distance.sql	config-sql-scripts-tests	0	0	0
src/main/resources/db/manual/fix_bingo_event_5_missions.sql	config-sql-scripts-tests	0	0	0
src/main/resources/db/manual/fix_kill_competition_result_pending_status.sql	config-sql-scripts-tests	0	0	0
src/main/resources/db/manual/rename_pubg_game_feature_tables.sql	config-sql-scripts-tests	0	0	0
src/main/resources/db/manual/update_bingo_mission_type_constraint.sql	config-sql-scripts-tests	0	0	0
src/main/resources/logback-spring.xml	config-sql-scripts-tests	0	0	0
src/main/resources/static/communities.html	legacy-static	2	0	0
src/main/resources/static/community-dashboard.html	legacy-static	3	1	0
src/main/resources/static/community-ui.js	legacy-static	1	3	0
src/main/resources/static/community.css	legacy-static	0	0	0
src/main/resources/static/discord-connect.html	legacy-static	4	3	0
src/main/resources/static/index.html	legacy-static	0	0	0
src/main/resources/static/login.html	legacy-static	1	1	0
src/main/resources/static/members.html	legacy-static	4	4	0
src/main/resources/static/rankings.html	legacy-static	3	1	0
src/test/java/com/guildup/GuildupBackendApplicationTests.java	backend-test	0	0	0
src/test/java/com/guildup/bingo/BingoAggregationFlowTests.java	backend-test	0	14	0
src/test/java/com/guildup/bingo/BingoEventFlowTests.java	backend-test	0	5	0
src/test/java/com/guildup/bingo/BingoKillCompetitionFlowTests.java	backend-test	0	1	0
src/test/java/com/guildup/bingo/BingoMissionEngineTests.java	backend-test	0	0	0
src/test/java/com/guildup/bingo/BingoMissionSchemaTests.java	backend-test	0	0	0
src/test/java/com/guildup/bingo/BingoProductionDumpBaselineTests.java	backend-test	1	6	4
src/test/java/com/guildup/bingo/PubgBingoFactServiceTests.java	backend-test	0	0	0
src/test/java/com/guildup/bingo/TemporaryBingoRebuildFlowTests.java	backend-test	0	2	0
src/test/java/com/guildup/bingo/service/BingoAggregationJobServiceTests.java	backend-test	0	0	0
src/test/java/com/guildup/community/CommunityDeletionFlowTests.java	backend-test	0	1	0
src/test/java/com/guildup/community/CommunityFlowTests.java	backend-test	0	3	0
src/test/java/com/guildup/community/CommunityGameBoundaryDataMigrationTests.java	backend-test	0	0	0
src/test/java/com/guildup/community/CommunityMemberActivitySyncFlowTests.java	backend-test	0	5	0
src/test/java/com/guildup/community/CommunityNewsFlowTests.java	backend-test	0	0	0
src/test/java/com/guildup/community/CommunityPostFlowTests.java	backend-test	0	2	0
src/test/java/com/guildup/community/CommunityRankingPostgresIntegrationTests.java	backend-test	0	2	0
src/test/java/com/guildup/community/CommunityRankingSchemaUpdatePostgresTests.java	backend-test	0	0	0
src/test/java/com/guildup/community/CommunityScoreFlowTests.java	backend-test	1	6	0
src/test/java/com/guildup/community/activity/CommunityActivityEvaluatorTests.java	backend-test	0	0	0
src/test/java/com/guildup/community/domain/CommunityDomainTests.java	backend-test	0	0	0
src/test/java/com/guildup/community/domain/CommunityGameActivityRuleTests.java	backend-test	0	0	0
src/test/java/com/guildup/community/service/CommunityDiscordDmServiceTests.java	backend-test	0	0	0
src/test/java/com/guildup/community/service/CommunityDiscordQueryServiceTests.java	backend-test	0	0	0
src/test/java/com/guildup/community/service/CommunityDiscordVoiceActivityServiceTests.java	backend-test	0	0	0
src/test/java/com/guildup/community/service/CommunityGameAccessServiceTests.java	backend-test	0	0	0
src/test/java/com/guildup/community/service/CommunityGameActivityRuleServiceTests.java	backend-test	0	0	0
src/test/java/com/guildup/community/service/CommunityGameNicknameRuleServiceTests.java	backend-test	0	0	0
src/test/java/com/guildup/community/service/CommunityGameNicknameSyncServiceTests.java	backend-test	0	0	0
src/test/java/com/guildup/community/service/CommunityMemberActivityMonitoringTests.java	backend-test	0	0	0
src/test/java/com/guildup/community/service/CommunityMemberDiscordStateServiceTests.java	backend-test	0	1	0
src/test/java/com/guildup/community/service/CommunityMemberRealtimeSyncServiceTests.java	backend-test	0	0	0
src/test/java/com/guildup/community/service/CommunityMemberReconciliationQueueTests.java	backend-test	0	0	0
src/test/java/com/guildup/community/service/CommunityMemberServiceTests.java	backend-test	0	0	0
src/test/java/com/guildup/community/service/CommunityMemberSyncServiceTests.java	backend-test	0	0	0
src/test/java/com/guildup/community/service/CommunityTeamMakerServiceTests.java	backend-test	0	0	0
src/test/java/com/guildup/community/service/DiscordCommunityConnectionServiceTests.java	backend-test	0	0	0
src/test/java/com/guildup/community/service/TeamBalanceServiceTests.java	backend-test	0	6	0
src/test/java/com/guildup/community/service/nickname/GameNicknameRuleInferenceServiceTests.java	backend-test	0	0	0
src/test/java/com/guildup/developer/DeveloperAccessAndQueryTests.java	backend-test	0	0	0
src/test/java/com/guildup/discord/bot/DiscordMemberEventDispatcherTests.java	backend-test	1	1	0
src/test/java/com/guildup/discord/bot/DiscordMemberEventListenerTests.java	backend-test	0	0	0
src/test/java/com/guildup/discord/oauth/client/DiscordApiClientTests.java	backend-test	0	0	0
src/test/java/com/guildup/discord/oauth/config/DiscordOAuthPropertiesTests.java	backend-test	0	0	0
src/test/java/com/guildup/discord/oauth/exception/DiscordOAuthExceptionHandlerTests.java	backend-test	0	0	0
src/test/java/com/guildup/discord/oauth/service/DiscordBotInstallServiceTests.java	backend-test	0	0	0
src/test/java/com/guildup/discord/oauth/service/DiscordOAuthServiceTests.java	backend-test	0	0	0
src/test/java/com/guildup/discord/oauth/store/InMemoryDiscordBotInstallStoreTests.java	backend-test	0	0	0
src/test/java/com/guildup/discord/oauth/store/InMemoryDiscordOAuthSessionStoreTests.java	backend-test	0	0	0
src/test/java/com/guildup/discord/service/DiscordMemberServiceTests.java	backend-test	0	0	0
src/test/java/com/guildup/discord/service/DiscordRoleServiceTests.java	backend-test	0	0	0
src/test/java/com/guildup/discord/service/DiscordVoiceRecoveryServiceTests.java	backend-test	0	0	0
src/test/java/com/guildup/discord/service/DiscordVoiceSessionServiceTests.java	backend-test	0	0	0
src/test/java/com/guildup/feedback/FeedbackFlowTests.java	backend-test	0	0	0
src/test/java/com/guildup/feedback/service/FeedbackMailServiceTests.java	backend-test	0	0	0
src/test/java/com/guildup/killcompetition/KillCompetitionFlowTests.java	backend-test	0	15	0
src/test/java/com/guildup/killcompetition/KillCompetitionPostgresClaimIntegrationTests.java	backend-test	0	0	0
src/test/java/com/guildup/killcompetition/KillCompetitionPubgAggregatorTests.java	backend-test	0	0	0
src/test/java/com/guildup/monitoring/DeveloperMonitoringFlowTests.java	backend-test	0	1	0
src/test/java/com/guildup/monitoring/MonitoringEventServiceTests.java	backend-test	0	0	0
src/test/java/com/guildup/monitoring/MonitoringPersistenceAndRetentionTests.java	backend-test	0	0	0
src/test/java/com/guildup/pubg/PubgMatchPersistenceTests.java	backend-test	3	4	0
src/test/java/com/guildup/pubg/client/PubgApiClientTests.java	backend-test	0	1	0
src/test/java/com/guildup/pubg/client/PubgApiRequestGovernorTests.java	backend-test	0	0	0
src/test/java/com/guildup/pubg/model/PubgCommunityMetricSupportTests.java	backend-test	0	0	0
src/test/java/com/guildup/pubg/model/PubgMatchCategoryTests.java	backend-test	0	0	0
src/test/java/com/guildup/pubg/service/PubgMatchServiceTests.java	backend-test	0	0	0
src/test/java/com/guildup/pubg/service/PubgMatchSyncServiceTests.java	backend-test	0	1	0
src/test/java/com/guildup/pubg/service/PubgPlayerServiceTests.java	backend-test	0	0	0
src/test/java/com/guildup/pubg/service/PubgSeasonServiceTests.java	backend-test	0	0	0
src/test/java/com/guildup/user/auth/controller/DiscordLoginControllerTests.java	backend-test	0	0	0
src/test/java/com/guildup/user/auth/service/DiscordLoginServiceTests.java	backend-test	0	1	0
